1,2023-05-13T05:23:32.535Z,The simple payment is causing errors.,medium,Async Avenger
2,2023-05-13T05:23:32.536Z,The critical dashboard is displaying incorrect data.,medium,Dr. Code Love
3,2023-05-13T05:23:32.537Z,The critical payment is not functioning correctly.,low,Promise Paladin
4,2023-05-13T05:23:32.537Z,The complex dashboard is experiencing unexpected behavior.,medium,Node McNodeface
5,2023-05-13T05:23:32.537Z,The urgent search is causing errors.,medium,Async Avenger
6,2023-05-13T05:23:32.537Z,The simple payment is causing errors.,critical,The Nodeinator
7,2023-05-13T05:23:32.537Z,The critical profile is not working properly.,low,Dr. Code Love
8,2023-05-13T05:23:32.537Z,The simple payment is not working properly.,medium,The Nodeinator
9,2023-05-13T05:23:32.537Z,The minor report is not working properly.,medium,The Callback Kid
10,2023-05-13T05:23:32.537Z,The complex search is causing errors.,low,The Nodeinator
11,2023-05-13T05:23:32.537Z,The serious report is displaying incorrect data.,critical,Async Avenger
